{"lr": {"accuracy": 0.76, "precision": 0.8309859154929577, "recall": 0.8309859154929577, "hyperparam": {"C": 0.6431172050131991}}, "decision_tree": {"accuracy": 0.72, "precision": 0.7986111111111112, "recall": 0.8098591549295775, "hyperparam": {"max_depth": 3}}, "random_forest": {"accuracy": 0.75, "precision": 0.7875, "recall": 0.8873239436619719, "hyperparam": {"n_estimators": 18}}, "ada_boost": {"accuracy": 0.77, "precision": 0.8333333333333334, "recall": 0.8450704225352113, "hyperparam": {"n_estimators": 46, "algorithm": "SAMME.R"}}, "svc": {"accuracy": 0.77, "precision": 0.8287671232876712, "recall": 0.852112676056338, "hyperparam": {"C": 10.063396049315296, "gamma": 66.60272619360669, "kernel": "linear"}}, "knc": {"accuracy": 0.69, "precision": 0.7469135802469136, "recall": 0.852112676056338, "hyperparam": {"weights": "distance", "n_neighbors": 10}}, "gaussian_nb": {"accuracy": 0.71, "precision": 0.828125, "recall": 0.7464788732394366, "hyperparam": {"var_smoothing": 0.00013606566033646408}}, "nn": {"accuracy": 0.78, "precision": 0.8356164383561644, "recall": 0.8591549295774648, "hyperparam": {"max_iter": 10, "hidden_layer_sizes": [], "alpha": 0.5}}}