{"train": [2.1867518752813337, 1.821769505739212, 1.4422327329715092, 1.2717264890670776, 1.1392612357934315, 1.0349029461542765, 0.9450494110584259, 0.8699562951922417, 0.8063618575533231, 0.75091785689195, 0.708499918381373, 0.6647036383549373, 0.6151955048243205, 0.5720453766485055, 0.5322228369613489, 0.5028277697662512, 0.4705412576595942, 0.43726756498217584, 0.41759738326072693, 0.3793662913143635, 0.3494514934718609, 0.3348963052034378, 0.31151627538104854, 0.2863777592778206, 0.2660286574314038, 0.26226493070522944, 0.2514812675615152, 0.2289685105284055, 0.21329226965705553, 0.19498491026461123, 0.2000753002241254, 0.1776915508011977, 0.16386501640081405, 0.14861839587489764, 0.13442670051008462, 0.1186712944880128, 0.11973904352635145, 0.12115032977114121, 0.12458012625575066, 0.09497134825214744, 0.0825581138022244, 0.07383921186750134, 0.06417379137128591, 0.06331830563334127, 0.06597835700958968, 0.05780022867644827, 0.05543071481709679, 0.050767046740899484, 0.048926746876289444, 0.03967894450761378, 0.03799678689489762, 0.038744352152571084, 0.04151706440219035, 0.0451710776037847, 0.03636219270216922, 0.028423329683331153, 0.021290651111242672, 0.019804911905278763, 0.019207590403190502, 0.013448821958930542, 0.01091791936972489, 0.009847428967865805, 0.009286234120372683, 0.008911838560986022, 0.0087592118846563, 0.0087462743705449, 0.00882271268637851, 0.00894980834564194, 0.009098942255756507, 0.009267038184528549, 0.009440192161127925, 0.009616628502650807, 0.009798037315097948, 0.009924914051468173, 0.01006932535674423, 0.010206711307788888, 0.010331985424272716, 0.010446115218413373, 0.010543684964068234, 0.010635115881450474, 0.010713124903850258, 0.010778390561851363, 0.010836570865164201, 0.010885964256400864, 0.010947563716520866, 0.010943252267315984, 0.010965390914740662, 0.01095086634159088, 0.010959155438467861, 0.010969998858248195, 0.010984076024033129, 0.010970410471782089, 0.010953291994519531, 0.01094473956618458, 0.0109430527780205, 0.010938326556545993, 0.010937940414684514, 0.01094882000082483, 0.010883199865929782, 0.010860935264887909, 0.010849052543441455], "cv": [1.9834912776947022, 1.669585144519806, 1.3640833616256713, 1.2030314048131308, 1.1137441237767538, 1.0176271557807923, 0.9451881051063538, 0.8986509203910827, 0.8714464863141378, 0.8145018577575683, 0.7933365960915884, 0.735021710395813, 0.6936859289805094, 0.674636960029602, 0.6562135954697926, 0.6225355108578999, 0.6291146655877431, 0.6187617321809132, 0.593901930252711, 0.5860302329063416, 0.5710678497950236, 0.557118637363116, 0.5382960796356201, 0.5498435368140538, 0.5286993891000747, 0.512215855717659, 0.5376338879267375, 0.5395818332831065, 0.4919115543365479, 0.5735679566860199, 0.5509053726991018, 0.6355130871136984, 0.7035855174064636, 0.5578386386235555, 0.47848101854324343, 0.4899532626072566, 0.524505482117335, 0.482356004913648, 0.4719298779964447, 0.4512462854385376, 0.5251129994789759, 0.5515726963678996, 0.43425530592600503, 0.4345337202151616, 0.44818446040153503, 0.44765300552050274, 0.44427239497502646, 0.5334650347630183, 0.4541977971792221, 0.4620573967695236, 0.453905189037323, 0.45262125333150227, 0.46130681335926055, 0.481473649541537, 0.4536810020605723, 0.4195983439683914, 0.4119551479816437, 0.41677426397800443, 0.41036608815193176, 0.4069053848584493, 0.40424583355585736, 0.40448180536429085, 0.39690805474917096, 0.3953385204076767, 0.3930251568555832, 0.39063215255737305, 0.38848320245742796, 0.3864046355088552, 0.3847652922074, 0.38326485256354015, 0.38207314113775886, 0.3813408076763153, 0.3806189686059952, 0.37970762252807616, 0.37932412723700204, 0.37888061900933584, 0.37838364442189537, 0.377866451938947, 0.37750740845998126, 0.3774616241455078, 0.3775042474269867, 0.3773823956648509, 0.37757224440574644, 0.3777052193880081, 0.3772483915090561, 0.3774341245492299, 0.37784402271111805, 0.37804100215435027, 0.3783015211423238, 0.37848272124926247, 0.3790567457675934, 0.3792308956384659, 0.3795236607392629, 0.37992370426654815, 0.38014587660630544, 0.38035133183002473, 0.3804739514986674, 0.38034029901027677, 0.3799190014600754, 0.38023348450660704, 0.38050203025341034]}