{"train": [2.3021248976389566, 2.2990887582302095, 2.2680551330248515, 2.130599864323934, 1.975083843866984, 1.810452534755071, 1.694971153140068, 1.5968884815772375, 1.462865706284841, 1.330484946568807, 1.2341855625311533, 1.1458805541197459, 1.0623609751462937, 0.9914533630013466, 0.9238846749067307, 0.8815654968221982, 0.8285808488726616, 0.7714612503846486, 0.7156629065672556, 0.6869214112559955, 0.6741338600715001, 0.6352437237898508, 0.604790701965491, 0.5860466994345188, 0.5282564533253511, 0.5055969496568044, 0.4951671371857325, 0.47394405206044515, 0.4543008180956046, 0.4352346447606881, 0.43464107463757196, 0.40920354550083476, 0.3791407118240992, 0.37244235078493754, 0.37535313442349433, 0.35979983111222585, 0.34846307535966237, 0.3483430754393339, 0.3280906689663728, 0.32614433293541273, 0.31463184853394827, 0.3024920045087735, 0.2892407115548849, 0.27581522973875205, 0.2686530844618877, 0.26518078458805877, 0.25111468099057677, 0.2465856373310089, 0.2453104649980863, 0.24496230681737263, 0.244837320347627, 0.24478611225883165, 0.24475463094810646, 0.24474223343034585, 0.24469116466740767, 0.24466897969444593, 0.24465756577750047, 0.24464708380401134, 0.24463932029902935, 0.24463348264495532, 0.24462775699794292, 0.24462203693886597, 0.24461917902032534, 0.2446143624683221, 0.24461037007470926, 0.24460717315475147, 0.24460476463039715, 0.24460220361749332, 0.2445986351619164, 0.2445967435836792, 0.24459455137451488, 0.2445931162685156, 0.2445912276705106, 0.24458872117102146, 0.24458724297583104, 0.24458545458813508, 0.2445848053942124, 0.2445828384409348, 0.24458119980990886, 0.24458050578832627, 0.24457888665298622, 0.24457797134915987, 0.24457712483902772, 0.2445756735901038, 0.24457479578753313, 0.24457411505281926, 0.24457302143176396, 0.24457257265845936, 0.24457230071226757, 0.24457144315044085, 0.24457030668854712, 0.24456932805478573, 0.24456879831850528, 0.24456827354927857, 0.24456812118490537, 0.24456716092924277, 0.24456662200391294, 0.24456591941416264, 0.24456585173805553, 0.24456476556758086, 0.24456416256725788], "cv": [2.3014336029688516, 2.294192663828532, 2.2220067024230956, 2.0554479996363324, 1.8922268907229105, 1.7517079750696818, 1.631903358300527, 1.54295254945755, 1.3562667568524678, 1.3138492623964946, 1.211571709314982, 1.1611885706583658, 1.151932684580485, 1.0668104827404021, 1.020566854874293, 0.96303431391716, 0.9017018496990203, 0.9148660898208618, 0.9035682797431945, 0.9949822505315145, 0.9196223517258962, 0.868083240588506, 0.8856760323047638, 0.8153812070687612, 0.7619345168272654, 0.8117645661036174, 0.8502297242482503, 0.7796333372592926, 0.8166963676611583, 0.9107897102832794, 0.8160463233788808, 0.8097995579242706, 0.7908069789409637, 0.9505405326684316, 0.8572785059611002, 0.8109859784444173, 0.8572901904582977, 0.8000908136367798, 0.8818012376626333, 0.8735318144162496, 0.8571350316206614, 0.9245689471562704, 0.813854040702184, 0.8554709215958913, 0.9352193713188172, 0.8705773095289866, 0.9087130506833394, 0.921044385433197, 0.9176932672659556, 0.930396024386088, 0.9458233833312988, 0.9550085703531901, 0.9671631137530009, 0.9761772274971008, 0.9802395820617675, 0.9859641472498576, 0.9928946435451508, 0.9976999938488007, 1.0021021703879038, 1.0027294238408406, 1.0115981419881186, 1.0147032419840494, 1.0171890695889791, 1.02219620347023, 1.025657973686854, 1.0268842200438182, 1.0300217688083648, 1.0326543947060902, 1.0370528976122537, 1.0395161032676696, 1.0397618472576142, 1.0464548925558725, 1.0452470481395721, 1.05095570286115, 1.0531206508477529, 1.055736231803894, 1.0564901212851205, 1.058600095907847, 1.0605828225612641, 1.0603141824404398, 1.0665765563646952, 1.0647866547107696, 1.0690871397654216, 1.0695142209529878, 1.0696368475755056, 1.07260316212972, 1.075239634513855, 1.0739182651042938, 1.0738818049430847, 1.0756020108858744, 1.0794882516066233, 1.0811888078848522, 1.080991901954015, 1.0817344745000204, 1.0845272878805796, 1.0891892989476522, 1.0889375329017639, 1.0915495256582897, 1.0901809275150298, 1.0931970298290252, 1.0952937066555024]}