{"train": [2.2005263745784758, 1.9475287973880768, 1.8309088051319122, 1.6640191157658895, 1.51103631456693, 1.4088039636611938, 1.3253681381543478, 1.1664332131544748, 0.9403356353441874, 0.8433047344287237, 0.7775131369630496, 0.72086776693662, 0.6706666658322017, 0.6210094635685285, 0.5784183730681737, 0.5321067494650682, 0.4884704197446505, 0.4477843927840392, 0.41441974565386774, 0.4024262065688769, 0.383569805820783, 0.3434895743926366, 0.32249079222480453, 0.2891846504062414, 0.25706565082073213, 0.23585175660749277, 0.23220717795193196, 0.22087704489628474, 0.19362492884198826, 0.16074624781807265, 0.1395363874733448, 0.1428450661400954, 0.14002967129151025, 0.12733272028466067, 0.10112177326033513, 0.08881584371750553, 0.08551074589292208, 0.07260332868124048, 0.05013584078600009, 0.04739185307795803, 0.04250207501463592, 0.04559566868313899, 0.03563616827595979, 0.027732857107184827, 0.02650208109989762, 0.015129333266910787, 0.00787510042039988, 0.003974939103742751, 0.002834419027203694, 0.0023957896997065594, 0.0021468652421996618, 0.0019311509046625968, 0.0017912057068315335, 0.0016340153636216807, 0.0015186523194036757, 0.0014360918775006817, 0.0013711226667510346, 0.0013136232300894335, 0.0012641263395683684, 0.001223402120861768, 0.001184916308557149, 0.0011521625756965173, 0.0011232446595386136, 0.0010972568294770706, 0.0010746732878033072, 0.001052491945544413, 0.001032730328248969, 0.0010140293112878378, 0.0009972063261860361, 0.0009819103543122765, 0.0009677890872505183, 0.0009541457184241153, 0.0009409107364869366, 0.0009301375420667075, 0.0009190195630556749, 0.0009086337027838454, 0.0008992835464596283, 0.000888623181769314, 0.0008796900598099455, 0.0008724052716085377, 0.0008635794765723404, 0.0008557839445226515, 0.0008481182712178754, 0.0008419217831639495, 0.0008357064656593138, 0.0008286125110316788, 0.0008226998575992184, 0.0008166890094192543, 0.0008118006045454725, 0.0008062906655444143, 0.0008015533825528109, 0.0007961582417919999, 0.0007915839247289114, 0.0007875627408793662, 0.0007823382547940128, 0.0007784039615216897, 0.0007740151824691566, 0.0007702689119469142, 0.0007669925147638423, 0.0007637692036951193, 0.0007598378007969587], "cv": [2.0533636649449667, 1.8861557284990946, 1.788463815053304, 1.5833167711893716, 1.4885836243629456, 1.3895370165507, 1.2443175395329793, 1.1484907706578573, 0.9454329252243042, 0.8981552839279174, 0.833898800611496, 0.7893483161926269, 0.7433004319667816, 0.7325998266537984, 0.7176502923170726, 0.6832798779010772, 0.649415010213852, 0.6182413121064504, 0.6528750240802765, 0.5687189549207687, 0.5727594594160715, 0.5410061438878377, 0.5421726117531459, 0.5542735944191615, 0.5428224037090937, 0.5223762601613998, 0.6173182785511017, 0.6235026141007741, 0.6038944502671559, 0.5183002829551697, 0.5908609012762706, 0.6764397541681926, 0.4987596352895101, 0.507987646261851, 0.6314957578976949, 0.7049973368644714, 0.503195243080457, 0.5377605438232422, 0.5526874313751856, 0.5641519884268443, 0.5912664234638214, 0.5383588383595149, 0.5936642944812774, 0.5779924402634303, 0.5705785751342773, 0.5483845065037409, 0.544728289047877, 0.5566869815190633, 0.5612842748562495, 0.5681955258051554, 0.5746707588434219, 0.5806254903475444, 0.5860611319541931, 0.5909473677476247, 0.5956770012776057, 0.5997430880864462, 0.6035867581764857, 0.6075963914394379, 0.6106702307860057, 0.6138333330551783, 0.6180020173390707, 0.6204161097606024, 0.6235123922427496, 0.626222496231397, 0.6289723366498947, 0.6310183644294739, 0.6341550131638845, 0.6369276414314906, 0.6392164309819539, 0.640818574031194, 0.6433131873607636, 0.6454945147037506, 0.6476910591125489, 0.6497120479742686, 0.6510688304901123, 0.652936456600825, 0.6551563799381256, 0.6568411608537038, 0.6586861987908681, 0.660039347410202, 0.6619706312815349, 0.6632560769716899, 0.6649735907713572, 0.6665973881880443, 0.668173760175705, 0.670119955142339, 0.6710325797398885, 0.6722787777582805, 0.674104646841685, 0.6750816961129507, 0.6765122294425965, 0.6779598693052927, 0.6792468865712483, 0.6805959463119506, 0.6818338513374329, 0.6833161334196727, 0.6847350498040518, 0.6856997966766357, 0.6870156427224478, 0.687014232079188, 0.688935273885727]}