{"train": [2.2776572704315186, 2.126847743988037, 2.0137689113616943, 1.901084542274475, 1.7709239721298218, 1.699849009513855, 1.6483867168426514, 1.6056402921676636, 1.5712850093841553, 1.5402106046676636, 1.5151537656784058, 1.4937384128570557, 1.4627835750579834, 1.4415909051895142, 1.4094617366790771, 1.3957372903823853, 1.3762576580047607, 1.357238531112671, 1.341266393661499, 1.3259713649749756, 1.3100115060806274, 1.2938004732131958, 1.2774758338928223, 1.2698811292648315, 1.2515124082565308, 1.242280125617981, 1.230357050895691, 1.2144583463668823, 1.211280107498169, 1.1973496675491333, 1.1897350549697876, 1.1748309135437012, 1.1723722219467163, 1.1631981134414673, 1.1534755229949951, 1.1394742727279663, 1.1216459274291992, 1.1128910779953003, 1.101320743560791, 1.102431297302246, 1.0889744758605957, 1.075284481048584, 1.0660229921340942, 1.0540120601654053, 1.0504581928253174, 1.0430752038955688, 1.035156488418579, 1.0319223403930664, 1.0290018320083618, 1.0180625915527344, 1.013992428779602, 1.0017918348312378, 0.9961625933647156, 0.9992555379867554, 0.9951776266098022, 0.9737837910652161, 0.9735119938850403, 0.9624227285385132, 0.968385636806488, 0.9551622271537781], "cv": [2.276695966720581, 2.128493547439575, 2.0199530124664307, 1.9105823040008545, 1.777843952178955, 1.706716537475586, 1.6573071479797363, 1.6205154657363892, 1.594550371170044, 1.5610154867172241, 1.5498384237289429, 1.519856572151184, 1.490609049797058, 1.4706882238388062, 1.4469162225723267, 1.4270133972167969, 1.4149622917175293, 1.4014450311660767, 1.3864680528640747, 1.3680649995803833, 1.3579849004745483, 1.3457850217819214, 1.3323286771774292, 1.33110511302948, 1.314111351966858, 1.3073371648788452, 1.3047735691070557, 1.289622187614441, 1.283585786819458, 1.2668544054031372, 1.2683078050613403, 1.2601940631866455, 1.2571810483932495, 1.25387704372406, 1.2387279272079468, 1.2313164472579956, 1.2237714529037476, 1.2150907516479492, 1.208661437034607, 1.218780755996704, 1.2028436660766602, 1.1955080032348633, 1.1853792667388916, 1.1777727603912354, 1.1838042736053467, 1.1790820360183716, 1.1685655117034912, 1.169389247894287, 1.1809734106063843, 1.1670068502426147, 1.1718401908874512, 1.1668263673782349, 1.1622614860534668, 1.166353702545166, 1.1608003377914429, 1.1480634212493896, 1.1556367874145508, 1.1464297771453857, 1.144176721572876, 1.146175503730774]}