{"train": [0.178825, 0.2631, 0.3362, 0.38885, 0.42115, 0.453375, 0.47685, 0.49875, 0.525, 0.542275, 0.557725, 0.570525, 0.58455, 0.59365, 0.60365, 0.622675, 0.642325, 0.6541, 0.66595, 0.6788, 0.689025, 0.69855, 0.692975, 0.695825, 0.7216, 0.73015, 0.7349, 0.718225, 0.739925, 0.74775, 0.731475, 0.754, 0.753775, 0.768625, 0.78095, 0.802425, 0.8149, 0.78015, 0.809, 0.8393, 0.811675, 0.7906, 0.830025, 0.832075, 0.803075, 0.81195, 0.82135, 0.870775, 0.828075, 0.86265], "cv": [0.18101810181018102, 0.26552655265526554, 0.33183318331833184, 0.38253825382538253, 0.41904190419041903, 0.44594459445944595, 0.46464646464646464, 0.48674867486748674, 0.5162516251625162, 0.5282528252825283, 0.5415541554155415, 0.5512551255125513, 0.5601560156015601, 0.5662566256625663, 0.5687568756875687, 0.5816581658165817, 0.5938593859385939, 0.6021602160216022, 0.6080608060806081, 0.6156615661566157, 0.6161616161616161, 0.6205620562056205, 0.6113611361136113, 0.6094609460946094, 0.6234623462346235, 0.6247624762476247, 0.6212621262126212, 0.6019601960196019, 0.6196619661966196, 0.6185618561856185, 0.6085608560856086, 0.6181618161816181, 0.6111611161116112, 0.6122612261226122, 0.6171617161716172, 0.622962296229623, 0.6335633563356335, 0.6150615061506151, 0.6222622262226223, 0.6312631263126313, 0.6169616961696169, 0.6010601060106011, 0.6082608260826082, 0.6158615861586159, 0.6016601660166017, 0.6138613861386139, 0.6094609460946094, 0.6187618761876188, 0.5995599559955995, 0.6131613161316132], "train_lost": [2.28613018989563, 2.0982582569122314, 1.8743433952331543, 1.7563669681549072, 1.6574511528015137, 1.5651627779006958, 1.4991021156311035, 1.4444221258163452, 1.3848832845687866, 1.3440691232681274, 1.2970305681228638, 1.2565261125564575, 1.215309500694275, 1.174509882926941, 1.1418225765228271, 1.1213706731796265, 1.0846683979034424, 1.0434207916259766, 1.0097880363464355, 0.9735391736030579, 0.9373686909675598, 0.9110686779022217, 0.9198527336120605, 0.8781567215919495, 0.8679308891296387, 0.8387432098388672, 0.8016790151596069, 0.7657984495162964, 0.7752039432525635, 0.7864068150520325, 0.7717236876487732, 0.7899810671806335, 0.7318345308303833, 0.6519539952278137, 0.6229979395866394, 0.5724260807037354, 0.5688649415969849, 0.5966179370880127, 0.5510777235031128, 0.5461776256561279, 0.5216931700706482, 0.4671458601951599, 0.47569429874420166, 0.6011945605278015, 0.599122941493988, 0.4879237115383148, 0.41586634516716003, 0.4276137053966522, 0.38534218072891235, 0.5256466269493103], "cv_loss": [2.2834088802337646, 2.059753894805908, 1.8650550842285156, 1.7452538013458252, 1.6398272514343262, 1.5488084554672241, 1.4951553344726562, 1.4421031475067139, 1.3758693933486938, 1.3356988430023193, 1.30079185962677, 1.2736176252365112, 1.2492380142211914, 1.2374060153961182, 1.2267004251480103, 1.1916308403015137, 1.1580499410629272, 1.1407641172409058, 1.1257920265197754, 1.1128963232040405, 1.1103639602661133, 1.105053424835205, 1.1234017610549927, 1.1440190076828003, 1.113082766532898, 1.1135333776474, 1.1303666830062866, 1.193094253540039, 1.1440337896347046, 1.1334298849105835, 1.1829272508621216, 1.1624284982681274, 1.1994982957839966, 1.1945183277130127, 1.18935227394104, 1.1838781833648682, 1.1990948915481567, 1.2677063941955566, 1.26791250705719, 1.2565959692001343, 1.3686469793319702, 1.4506168365478516, 1.358322024345398, 1.3178499937057495, 1.333198070526123, 1.3799833059310913, 1.4927713871002197, 1.4802117347717285, 1.6474493741989136, 1.4747370481491089]}