{"train": [2.2646102905273438, 2.001434326171875, 1.8376505374908447], "cv": [2.2643277645111084, 2.003894329071045, 1.8491159677505493]}