{"train": [2.2954013347625732, 2.2254700660705566, 2.0028364658355713, 1.8487398624420166, 1.7130308151245117, 1.6351590156555176, 1.5832840204238892, 1.5239759683609009, 1.4790728092193604, 1.4419584274291992, 1.4007744789123535, 1.3675057888031006, 1.3401561975479126, 1.309702754020691, 1.2790452241897583, 1.259055495262146, 1.236769199371338, 1.223267912864685, 1.1861578226089478, 1.1588501930236816, 1.140002727508545, 1.124650239944458, 1.0985068082809448, 1.0797349214553833, 1.0574134588241577, 1.03373122215271, 1.024643898010254, 0.9980463981628418, 0.990990936756134, 0.978455662727356, 0.9521703124046326, 0.9414317607879639, 0.9265581965446472, 0.9050984382629395, 0.8921637535095215, 0.8750978708267212, 0.8592893481254578, 0.8567841053009033, 0.8256208300590515, 0.8187221884727478], "cv": [2.2953343391418457, 2.222862720489502, 2.00814151763916, 1.8492037057876587, 1.7192492485046387, 1.644100308418274, 1.5969058275222778, 1.5397933721542358, 1.5027464628219604, 1.4727182388305664, 1.4346983432769775, 1.4020745754241943, 1.380682349205017, 1.357375979423523, 1.3295389413833618, 1.3153513669967651, 1.3066598176956177, 1.2834535837173462, 1.2645355463027954, 1.2439402341842651, 1.2166647911071777, 1.2164255380630493, 1.1989233493804932, 1.1910803318023682, 1.1853649616241455, 1.1643203496932983, 1.163954734802246, 1.1463147401809692, 1.1477649211883545, 1.125122308731079, 1.1340688467025757, 1.1369130611419678, 1.1268410682678223, 1.1150391101837158, 1.1057926416397095, 1.1056561470031738, 1.1079403162002563, 1.111114501953125, 1.1034959554672241, 1.1136760711669922]}