{"train": [2.2920737266540527, 2.219268798828125, 2.0796241760253906, 1.8992115259170532, 1.7481275796890259, 1.6587867736816406, 1.587465763092041, 1.5207716226577759, 1.472823977470398, 1.4337830543518066, 1.3824665546417236, 1.3434721231460571, 1.3128366470336914, 1.281183123588562, 1.2590903043746948, 1.2328715324401855, 1.2077871561050415, 1.1883958578109741, 1.170615315437317, 1.1467500925064087, 1.1295746564865112, 1.1405423879623413, 1.110564112663269, 1.0795173645019531, 1.0882800817489624, 1.070863127708435, 1.0512319803237915, 1.0304744243621826, 1.019101619720459, 1.0296392440795898, 0.9976708889007568, 0.9985814690589905, 0.9931512475013733, 0.9802833795547485, 0.952902615070343, 0.9453943371772766, 0.9511755704879761, 0.9504464864730835, 0.9555960893630981, 0.9238825440406799, 0.8872480392456055, 0.8506659269332886, 0.8373351693153381, 0.8271259069442749, 0.8512604236602783, 0.9230283498764038, 0.8399237990379333, 0.8343501091003418, 0.8002763390541077, 0.7789099812507629], "cv": [2.291855573654175, 2.2171499729156494, 2.079519748687744, 1.9041343927383423, 1.7531741857528687, 1.6666539907455444, 1.5994454622268677, 1.5391782522201538, 1.4975361824035645, 1.4644497632980347, 1.4206156730651855, 1.3871859312057495, 1.362228512763977, 1.3362339735031128, 1.319854736328125, 1.2980536222457886, 1.2770154476165771, 1.2615151405334473, 1.2476240396499634, 1.2277005910873413, 1.214721918106079, 1.2311818599700928, 1.2062842845916748, 1.1830390691757202, 1.1971971988677979, 1.1863523721694946, 1.1747503280639648, 1.1625174283981323, 1.1600220203399658, 1.1787915229797363, 1.1539348363876343, 1.1644772291183472, 1.1691563129425049, 1.1652780771255493, 1.1463038921356201, 1.149017333984375, 1.1645081043243408, 1.1738414764404297, 1.1882357597351074, 1.167001724243164, 1.1395151615142822, 1.110493540763855, 1.1095349788665771, 1.1106328964233398, 1.1335393190383911, 1.1942559480667114, 1.1376252174377441, 1.1492196321487427, 1.1330490112304688, 1.1270122528076172]}