{"train": [2.228285074234009, 2.0025291442871094, 1.8235523700714111, 1.6607322692871094, 1.5356955528259277, 1.4584026336669922, 1.3997907638549805, 1.3486621379852295, 1.3085403442382812, 1.2683275938034058, 1.2254550457000732, 1.1817063093185425, 1.1404240131378174, 1.0977848768234253, 1.0600205659866333, 1.0390541553497314, 1.0138849020004272, 0.9891451001167297, 0.9911988973617554, 0.961294949054718, 0.9216450452804565, 0.8984246850013733, 0.8732113242149353, 0.8457502722740173, 0.8000538945198059, 0.8024217486381531, 0.7605205774307251, 0.7177428007125854, 0.6930171251296997, 0.684156596660614, 0.6318846344947815, 0.7161641716957092, 0.6056786179542542, 0.6789289712905884, 0.6239542365074158, 0.5627121925354004, 0.5524422526359558, 0.5522550344467163, 0.5671424269676208, 0.5234555006027222, 0.5304199457168579, 0.5162013173103333, 0.4404217302799225, 0.3922797739505768, 0.4032283425331116, 0.45743653178215027, 0.4808709919452667, 0.45670121908187866, 0.4074086546897888, 0.3983931541442871, 0.3567289412021637, 0.4068618416786194, 0.31385400891304016, 0.34453079104423523, 0.42993414402008057, 0.3648356795310974, 0.37909990549087524, 0.36393848061561584, 0.3596377968788147, 0.4461419880390167, 0.2677188813686371, 0.3447490632534027, 0.4139726459980011, 0.30839961767196655, 0.22087016701698303, 0.360935777425766, 0.33253440260887146, 0.20137721300125122, 0.24349267780780792, 0.2371954768896103], "cv": [2.2267110347747803, 2.0016703605651855, 1.8329905271530151, 1.6748409271240234, 1.5562015771865845, 1.4845309257507324, 1.4319669008255005, 1.3877187967300415, 1.3551310300827026, 1.3218834400177002, 1.2887295484542847, 1.2547193765640259, 1.2245655059814453, 1.1929831504821777, 1.1657975912094116, 1.1538304090499878, 1.140148639678955, 1.1281148195266724, 1.1368368864059448, 1.1200183629989624, 1.1008152961730957, 1.0980801582336426, 1.0941628217697144, 1.0922328233718872, 1.0648876428604126, 1.0897154808044434, 1.0793718099594116, 1.0723042488098145, 1.0833830833435059, 1.1116423606872559, 1.085343599319458, 1.1919559240341187, 1.0886399745941162, 1.2157763242721558, 1.1903080940246582, 1.1318949460983276, 1.187063455581665, 1.2465096712112427, 1.2888041734695435, 1.2439550161361694, 1.317097544670105, 1.3880305290222168, 1.3205996751785278, 1.3465828895568848, 1.4192230701446533, 1.506580114364624, 1.562886357307434, 1.6070507764816284, 1.5520340204238892, 1.5995538234710693, 1.545958161354065, 1.702090859413147, 1.6104718446731567, 1.5395264625549316, 1.7645471096038818, 1.7949683666229248, 1.775070309638977, 1.8460032939910889, 1.9510786533355713, 2.123244285583496, 1.7619644403457642, 1.9466557502746582, 2.2665812969207764, 2.1095874309539795, 1.8526270389556885, 2.04386830329895, 2.0606091022491455, 2.0525565147399902, 2.1218819618225098, 2.1877102851867676]}