{"train": [2.2924680709838867, 2.074692964553833, 1.8073238134384155, 1.632529854774475, 1.5216431617736816, 1.4452100992202759, 1.3820159435272217, 1.3293384313583374, 1.270236611366272, 1.2267320156097412, 1.1783480644226074, 1.1393756866455078, 1.103601336479187, 1.077578067779541, 1.0407623052597046, 0.9988507032394409, 0.9587709903717041, 0.9366264939308167, 0.9120054841041565, 0.9357524514198303, 0.8927081823348999, 0.8520514369010925, 0.8371906280517578, 0.8174293637275696, 0.7905917763710022, 0.7981367707252502, 0.8058943152427673, 0.7102229595184326, 0.712618350982666, 0.684186577796936, 0.6631460189819336, 0.6131353974342346, 0.564664900302887, 0.5930120348930359, 0.5687640905380249, 0.5464759469032288, 0.5084168910980225, 0.5208113789558411, 0.4673832058906555, 0.4914495646953583, 0.5065536499023438, 0.594881534576416, 0.5263364315032959, 0.44019389152526855, 0.4488343298435211, 0.3944753408432007, 0.3414628207683563, 0.41915738582611084, 0.430004745721817, 0.421284019947052], "cv": [2.2925477027893066, 2.075249671936035, 1.8153667449951172, 1.6448249816894531, 1.5379341840744019, 1.465735673904419, 1.4088881015777588, 1.3616210222244263, 1.3104125261306763, 1.2741695642471313, 1.233776330947876, 1.2017930746078491, 1.175856351852417, 1.1595747470855713, 1.1335384845733643, 1.1020870208740234, 1.0719709396362305, 1.0598461627960205, 1.0493245124816895, 1.0853508710861206, 1.0578504800796509, 1.032809853553772, 1.0370547771453857, 1.0377103090286255, 1.0311431884765625, 1.0525673627853394, 1.0762277841567993, 1.0063754320144653, 1.028974175453186, 1.0090625286102295, 1.0170687437057495, 0.992185652256012, 0.9864305853843689, 1.0461069345474243, 1.042224407196045, 1.0468671321868896, 1.0473921298980713, 1.100131869316101, 1.1007994413375854, 1.1342084407806396, 1.177780032157898, 1.2561396360397339, 1.2288609743118286, 1.2141872644424438, 1.287406086921692, 1.2861675024032593, 1.2090901136398315, 1.3004082441329956, 1.3072826862335205, 1.3962180614471436]}