{
  "train": [
    0.17555,
    0.27365,
    0.329475,
    0.389525,
    0.426575,
    0.4616,
    0.48325,
    0.50235,
    0.522325,
    0.544025,
    0.56165,
    0.5765,
    0.59115,
    0.604525,
    0.615675,
    0.62505,
    0.63585,
    0.636175,
    0.637525,
    0.653625,
    0.66455,
    0.67755,
    0.690075,
    0.7027,
    0.7161,
    0.729425,
    0.738075,
    0.742225,
    0.7295,
    0.729625,
    0.7244,
    0.769825,
    0.760425,
    0.77215,
    0.772575,
    0.7749,
    0.7864,
    0.80075,
    0.812425,
    0.8462,
    0.813725,
    0.823275,
    0.785025,
    0.8299,
    0.84455,
    0.838525,
    0.82405,
    0.84075,
    0.8174,
    0.8388
  ],
  "cv": [
    0.18061806180618062,
    0.27422742274227424,
    0.33163316331633164,
    0.38923892389238923,
    0.4168416841684168,
    0.44794479447944796,
    0.47224722472247227,
    0.49244924492449244,
    0.5116511651165117,
    0.5306530653065307,
    0.543054305430543,
    0.5534553455345534,
    0.5650565056505651,
    0.5751575157515751,
    0.5814581458145814,
    0.5868586858685868,
    0.5911591159115912,
    0.5873587358735873,
    0.583958395839584,
    0.5974597459745975,
    0.6018601860186018,
    0.6056605660566057,
    0.6100610061006101,
    0.6151615161516152,
    0.622062206220622,
    0.6282628262826283,
    0.6291629162916291,
    0.6255625562556255,
    0.6143614361436144,
    0.6153615361536153,
    0.6048604860486049,
    0.6281628162816282,
    0.626062606260626,
    0.6328632863286329,
    0.6247624762476247,
    0.6164616461646165,
    0.6203620362036204,
    0.6258625862586259,
    0.6237623762376238,
    0.6296629662966297,
    0.6174617461746175,
    0.6210621062106211,
    0.5950595059505951,
    0.6092609260926093,
    0.6140614061406141,
    0.6024602460246025,
    0.5942594259425943,
    0.6002600260026003,
    0.5967596759675967,
    0.6088608860886089
  ],
  "train_lost": [
    2.2811777591705322,
    2.0941355228424072,
    1.899381160736084,
    1.765496850013733,
    1.6603342294692993,
    1.5641645193099976,
    1.4873331785202026,
    1.426518440246582,
    1.3720495700836182,
    1.330513834953308,
    1.293381929397583,
    1.2495683431625366,
    1.2045308351516724,
    1.1672626733779907,
    1.13979172706604,
    1.1068851947784424,
    1.0919679403305054,
    1.0795586109161377,
    1.0599888563156128,
    1.0488650798797607,
    1.012747049331665,
    0.9718050956726074,
    0.9326873421669006,
    0.8864119052886963,
    0.8460060358047485,
    0.8137381076812744,
    0.7843732833862305,
    0.7587114572525024,
    0.7284690141677856,
    0.7266397476196289,
    0.6867992877960205,
    0.6994050145149231,
    0.7178041338920593,
    0.6606476306915283,
    0.6653950214385986,
    0.6190123558044434,
    0.5712160468101501,
    0.6032125949859619,
    0.5310208797454834,
    0.4935568571090698,
    0.45351824164390564,
    0.5877393484115601,
    0.65362149477005,
    0.5105444192886353,
    0.4076380431652069,
    0.447655588388443,
    0.3812422752380371,
    0.43252676725387573,
    0.40365272760391235,
    0.3743300437927246
  ],
  "cv_loss": []
}