{"train": [2.288954019546509, 2.1061930656433105, 1.8866345882415771, 1.7183773517608643, 1.576297640800476, 1.4997413158416748, 1.4379799365997314, 1.385250449180603, 1.3331056833267212, 1.280390977859497, 1.2292910814285278, 1.1846975088119507, 1.1385023593902588, 1.1038058996200562, 1.0855307579040527, 1.036390781402588, 1.0026813745498657, 0.9894747138023376, 0.9786046147346497, 0.9349685311317444], "cv": [2.2887067794799805, 2.1048531532287598, 1.89987051486969, 1.7400060892105103, 1.6023749113082886, 1.5303977727890015, 1.474192500114441, 1.4256426095962524, 1.3789321184158325, 1.3326736688613892, 1.2869906425476074, 1.2517067193984985, 1.2156312465667725, 1.1897289752960205, 1.1810325384140015, 1.1477854251861572, 1.1289701461791992, 1.1305540800094604, 1.1316447257995605, 1.1065163612365723]}