{"train": [0.12935, 0.16835, 0.220875, 0.2492, 0.2756, 0.290875, 0.3168, 0.334925, 0.3485, 0.3634, 0.37595, 0.380075, 0.39155, 0.398375, 0.40235, 0.407825, 0.415025, 0.422275, 0.4273, 0.432025, 0.4327, 0.43835, 0.44855, 0.454075, 0.4574, 0.4585, 0.4631, 0.471225, 0.469425, 0.47175, 0.478625, 0.482675, 0.483675, 0.486475, 0.4959, 0.493325, 0.4983, 0.50015, 0.5102, 0.509625, 0.515875, 0.512175, 0.5195, 0.51715, 0.52315, 0.521125, 0.5273, 0.530225, 0.5365, 0.536075], "cv": [0.12481248124812482, 0.1707170717071707, 0.22612261226122612, 0.25392539253925395, 0.27182718271827183, 0.2895289528952895, 0.3118311831183118, 0.33563356335633565, 0.34583458345834583, 0.36403640364036405, 0.3698369836983698, 0.3791379137913791, 0.38393839383938394, 0.39443944394439445, 0.39383938393839385, 0.4014401440144014, 0.41304130413041307, 0.40884088408840885, 0.42054205420542057, 0.43134313431343135, 0.42914291429142915, 0.43204320432043203, 0.44074407440744073, 0.4385438543854385, 0.43844384438443845, 0.44654465446544656, 0.45054505450545057, 0.45674567456745674, 0.4511451145114511, 0.45744574457445747, 0.46394639463946397, 0.46644664466446645, 0.46924692469246926, 0.46874687468746873, 0.47014701470147013, 0.47604760476047603, 0.48554855485548554, 0.48184818481848185, 0.48704870487048707, 0.48974897489748975, 0.48004800480048004, 0.47944794479447944, 0.49224922492249223, 0.48734873487348734, 0.495949594959496, 0.4876487648764877, 0.49354935493549357, 0.49954995499549953, 0.4975497549754975, 0.49914991499149913]}