{"train": [2.2935454845428467, 2.2182445526123047, 2.027357816696167], "cv": [2.2935521602630615, 2.2142488956451416, 2.0262246131896973]}