{"train": [2.3032729625701904, 2.3003597259521484, 2.2951343059539795], "cv": [2.303439140319824, 2.300355911254883, 2.2943930625915527]}