{"train": [2.299560785293579, 2.2475619316101074, 2.0237512588500977, 1.8076845407485962, 1.6322189569473267, 1.5120176076889038, 1.4397422075271606, 1.379550576210022, 1.3155533075332642, 1.2708780765533447, 1.2114686965942383, 1.1738193035125732, 1.108854055404663, 1.069899082183838, 1.0284680128097534, 0.9900228381156921, 0.9572652578353882, 0.9013878107070923, 0.8641085028648376, 0.8381266593933105, 0.7986659407615662, 0.7493671774864197, 0.7251333594322205, 0.7231188416481018, 0.7134662866592407, 0.6558206677436829, 0.6533814668655396, 0.6937289237976074, 0.5839782953262329, 0.5396291613578796, 0.5179212689399719, 0.5955348610877991, 0.4520842432975769, 0.5250198245048523, 0.4832281172275543, 0.45149126648902893, 0.4217985272407532, 0.45038101077079773, 0.42544257640838623, 0.39011910557746887, 0.4829893410205841, 0.4330314099788666, 0.4879958927631378, 0.4437203109264374, 0.3282862603664398, 0.2649589478969574, 0.36349374055862427, 0.4256458580493927, 0.23749911785125732, 0.18763534724712372, 0.21564210951328278, 0.2876945436000824, 0.24527844786643982, 0.2942030727863312, 0.16576233506202698, 0.11442659050226212, 0.12263769656419754, 0.20938041806221008, 0.23438134789466858, 0.19046363234519958, 0.16273660957813263, 0.1856335699558258, 0.1294771134853363, 0.11518324166536331, 0.2395019829273224, 0.07807621359825134, 0.05835096910595894, 0.11663506180047989, 0.07425574213266373, 0.03713330253958702, 0.018775703385472298, 0.019089234992861748, 0.009823351167142391, 0.0024778221268206835, 0.0008996627875603735, 0.0007093098829500377, 0.0005813695606775582, 0.0005975385429337621, 0.00044219146366231143, 0.00041882076766341925, 0.00033325556432828307, 0.00030036247335374355, 0.00027733028400689363, 0.00025798368733376265, 0.0002426567516522482, 0.00022933154832571745, 0.00021747135906480253, 0.00020691573445219547, 0.00019733664521481842, 0.00018871651263907552, 0.0001808525121305138, 0.00017360660422127694, 0.0001670168130658567, 0.00016086261894088238, 0.0001551607419969514, 0.00014983840810600668, 0.00014487680164165795, 0.00014025307609699667, 0.00013595703057944775, 0.0001318911527050659], "cv": [2.2994072437286377, 2.243168354034424, 2.027106761932373, 1.8159228563308716, 1.6462953090667725, 1.5300078392028809, 1.461151123046875, 1.4089961051940918, 1.3557662963867188, 1.3237204551696777, 1.280578851699829, 1.257277250289917, 1.2172455787658691, 1.198189377784729, 1.1719093322753906, 1.1684832572937012, 1.1686012744903564, 1.1438857316970825, 1.131615161895752, 1.1374307870864868, 1.1298762559890747, 1.1225879192352295, 1.1251249313354492, 1.1306333541870117, 1.1564029455184937, 1.1747775077819824, 1.20098078250885, 1.2724634408950806, 1.2179391384124756, 1.2919135093688965, 1.3102927207946777, 1.4044439792633057, 1.318373680114746, 1.4490371942520142, 1.434165596961975, 1.4413384199142456, 1.4619938135147095, 1.6075005531311035, 1.6676956415176392, 1.6797502040863037, 1.7241261005401611, 1.9081093072891235, 1.9987183809280396, 1.8428748846054077, 1.8103458881378174, 1.9641540050506592, 2.0623135566711426, 2.17574405670166, 2.1141278743743896, 2.173837423324585, 2.149745225906372, 2.1515562534332275, 2.0901689529418945, 2.411311149597168, 2.463473081588745, 2.467562437057495, 2.526010274887085, 2.576403856277466, 2.6856002807617188, 2.78529953956604, 2.653822422027588, 2.6957576274871826, 2.610229730606079, 2.716068983078003, 2.992140531539917, 2.760657787322998, 2.9422693252563477, 3.1850762367248535, 3.1338038444519043, 3.071302652359009, 3.065152883529663, 3.2878880500793457, 3.290113687515259, 3.344357967376709, 3.3882176876068115, 3.4375298023223877, 3.478921413421631, 3.5171258449554443, 3.5500476360321045, 3.5800321102142334, 3.608408212661743, 3.63205885887146, 3.6547939777374268, 3.6768367290496826, 3.697232246398926, 3.716662645339966, 3.734668493270874, 3.7518930435180664, 3.768387794494629, 3.784133195877075, 3.799137830734253, 3.8136096000671387, 3.82771372795105, 3.8411192893981934, 3.854133367538452, 3.8667848110198975, 3.8788440227508545, 3.8906898498535156, 3.9020254611968994, 3.9130971431732178]}