{"train": [2.2914016246795654, 2.1564228534698486, 1.9920142889022827, 1.8580125570297241, 1.7402288913726807, 1.639589786529541, 1.5680772066116333, 1.5056718587875366, 1.456761360168457, 1.3993971347808838, 1.3626567125320435, 1.326323390007019, 1.2916041612625122, 1.2622171640396118, 1.230298399925232, 1.2004657983779907, 1.1708078384399414, 1.1558430194854736, 1.1399521827697754, 1.1059315204620361, 1.0702468156814575, 1.043679118156433, 1.0238585472106934, 1.0016154050827026, 0.9820200204849243, 0.9555596709251404, 0.9556103348731995, 0.9286737442016602, 0.9264731407165527, 0.9052091836929321, 0.8920027613639832, 0.866515040397644, 0.8489248156547546, 0.8247967958450317, 0.8135963082313538, 0.7947574853897095, 0.7857671976089478, 0.7623046636581421, 0.7461358308792114, 0.7255999445915222], "cv": [2.2907228469848633, 2.150319814682007, 1.996418833732605, 1.8654959201812744, 1.7545822858810425, 1.6513707637786865, 1.585455298423767, 1.5238009691238403, 1.4862666130065918, 1.4276906251907349, 1.3975837230682373, 1.3655076026916504, 1.3392667770385742, 1.3126721382141113, 1.2795883417129517, 1.257894515991211, 1.233325719833374, 1.2226464748382568, 1.2149595022201538, 1.1746621131896973, 1.157285213470459, 1.1346325874328613, 1.1161701679229736, 1.1129040718078613, 1.099221110343933, 1.086012840270996, 1.089234471321106, 1.0657318830490112, 1.0673065185546875, 1.06346595287323, 1.055562138557434, 1.0318028926849365, 1.021615743637085, 1.0156323909759521, 1.0122259855270386, 1.014337420463562, 1.0276018381118774, 1.0103979110717773, 0.994982898235321, 0.9969320893287659]}