{
  "lr": {
    "accuracy": 0.7359307359307359,
    "precision": 0.5882352941176471,
    "recall": 0.547945205479452,
    "hyperparam": {
      "C": 0.14135935551752296
    }
  },
  "decision_tree": {
    "accuracy": 0.7272727272727273,
    "precision": 0.5490196078431373,
    "recall": 0.7671232876712328,
    "hyperparam": {
      "max_depth": 2
    }
  },
  "random_forest": {
    "accuracy": 0.7056277056277056,
    "precision": 0.5352112676056338,
    "recall": 0.5205479452054794,
    "hyperparam": {
      "n_estimators": 7
    }
  },
  "svc": {
    "accuracy": 0.7316017316017316,
    "precision": 0.5774647887323944,
    "recall": 0.5616438356164384,
    "hyperparam": {
      "C": 14.685885989200846,
      "gamma": 38.608662714605444,
      "kernel": "linear"
    }
  },
  "knc": {
    "accuracy": 0.7229437229437229,
    "precision": 0.5555555555555556,
    "recall": 0.6164383561643836,
    "hyperparam": {
      "weights": "uniform",
      "n_neighbors": 7
    }
  },
  "gaussian_nb": {
    "accuracy": 0.7229437229437229,
    "precision": 0.5616438356164384,
    "recall": 0.5616438356164384,
    "hyperparam": {
      "var_smoothing": 0.0001515684457582608
    }
  },
  "nn": {
    "accuracy": 0.7316017316017316,
    "precision": 0.5578947368421052,
    "recall": 0.726027397260274,
    "hyperparam": {
      "max_iter": 10,
      "hidden_layer_sizes": [
        5
      ],
      "alpha": 0.5
    }
  }
}