{"lr": {"r2": 0.3283887639580222}, "decision_tree": {"r2": 0.2436226979464411}}